Patient_ID,ECM_Slope,Progression_Type
ALS_9,0.21916097957247577,Fast Remodeler
ALS_10,0.1748988956325746,Fast Remodeler
ALS_4,0.12242108455308782,Fast Remodeler
ALS_6,-0.0051207755572314825,Fast Remodeler
ALS_7,-0.04850502736230804,Fast Remodeler
ALS_5,-0.07209071843779333,Slow Remodeler
ALS_2,-0.08604571212711096,Slow Remodeler
ALS_3,-0.14991993069145498,Slow Remodeler
ALS_8,-0.19205535876509466,Slow Remodeler
ALS_1,-0.23290222265007499,Slow Remodeler
