Patient_ID,Progression_Slope_CHI3L1,Phenotype
ALS_1,-0.0019342047491386284,Middle
ALS_2,0.008747150095297392,Middle
ALS_3,0.009353411109197591,Fast
ALS_4,-0.01243227263601529,Slow
ALS_5,-0.0041922369647314295,Middle
ALS_6,0.014746620077249894,Fast
ALS_7,-0.014762273319446304,Slow
ALS_8,-0.026845607788631258,Slow
ALS_9,0.01348203939044498,Fast
ALS_10,0.012511745831415316,Fast
