Progression_Type,Mean_Slope,P_Value,Significant_Trend
Fast Remodeler,0.11216398857142912,0.08040244723924055,No
Slow Remodeler,-0.1877366445183802,0.016259149944536432,Yes
